-- MySQL dump 10.13  Distrib 8.3.0, for Win64 (x86_64)
--
-- Host: localhost    Database: fish2
-- ------------------------------------------------------
-- Server version	8.3.0

/*!40101 SET @OLD_CHARACTER_SET_CLIENT=@@CHARACTER_SET_CLIENT */;
/*!40101 SET @OLD_CHARACTER_SET_RESULTS=@@CHARACTER_SET_RESULTS */;
/*!40101 SET @OLD_COLLATION_CONNECTION=@@COLLATION_CONNECTION */;
/*!50503 SET NAMES utf8mb4 */;
/*!40103 SET @OLD_TIME_ZONE=@@TIME_ZONE */;
/*!40103 SET TIME_ZONE='+00:00' */;
/*!40014 SET @OLD_UNIQUE_CHECKS=@@UNIQUE_CHECKS, UNIQUE_CHECKS=0 */;
/*!40014 SET @OLD_FOREIGN_KEY_CHECKS=@@FOREIGN_KEY_CHECKS, FOREIGN_KEY_CHECKS=0 */;
/*!40101 SET @OLD_SQL_MODE=@@SQL_MODE, SQL_MODE='NO_AUTO_VALUE_ON_ZERO' */;
/*!40111 SET @OLD_SQL_NOTES=@@SQL_NOTES, SQL_NOTES=0 */;

--
-- Table structure for table `boundaries`
--

DROP TABLE IF EXISTS `boundaries`;
/*!40101 SET @saved_cs_client     = @@character_set_client */;
/*!50503 SET character_set_client = utf8mb4 */;
CREATE TABLE `boundaries` (
  `id` bigint unsigned NOT NULL AUTO_INCREMENT,
  `name` varchar(191) CHARACTER SET utf8mb4 COLLATE utf8mb4_unicode_ci NOT NULL,
  `created_at` timestamp NULL DEFAULT NULL,
  `updated_at` timestamp NULL DEFAULT NULL,
  PRIMARY KEY (`id`)
) ENGINE=MyISAM AUTO_INCREMENT=3 DEFAULT CHARSET=utf8mb4 COLLATE=utf8mb4_unicode_ci;
/*!40101 SET character_set_client = @saved_cs_client */;

--
-- Dumping data for table `boundaries`
--

LOCK TABLES `boundaries` WRITE;
/*!40000 ALTER TABLE `boundaries` DISABLE KEYS */;
INSERT INTO `boundaries` VALUES (1,'Non-boundary Waters','2024-12-16 18:35:53','2024-12-16 18:35:53'),(2,'Boundary Waters Between NB and Maine','2024-12-17 21:04:35','2024-12-17 21:04:35');
/*!40000 ALTER TABLE `boundaries` ENABLE KEYS */;
UNLOCK TABLES;

--
-- Table structure for table `cache`
--

DROP TABLE IF EXISTS `cache`;
/*!40101 SET @saved_cs_client     = @@character_set_client */;
/*!50503 SET character_set_client = utf8mb4 */;
CREATE TABLE `cache` (
  `key` varchar(191) CHARACTER SET utf8mb4 COLLATE utf8mb4_unicode_ci NOT NULL,
  `value` mediumtext CHARACTER SET utf8mb4 COLLATE utf8mb4_unicode_ci NOT NULL,
  `expiration` int NOT NULL,
  PRIMARY KEY (`key`)
) ENGINE=MyISAM DEFAULT CHARSET=utf8mb4 COLLATE=utf8mb4_unicode_ci;
/*!40101 SET character_set_client = @saved_cs_client */;

--
-- Dumping data for table `cache`
--

LOCK TABLES `cache` WRITE;
/*!40000 ALTER TABLE `cache` DISABLE KEYS */;
/*!40000 ALTER TABLE `cache` ENABLE KEYS */;
UNLOCK TABLES;

--
-- Table structure for table `cache_locks`
--

DROP TABLE IF EXISTS `cache_locks`;
/*!40101 SET @saved_cs_client     = @@character_set_client */;
/*!50503 SET character_set_client = utf8mb4 */;
CREATE TABLE `cache_locks` (
  `key` varchar(191) CHARACTER SET utf8mb4 COLLATE utf8mb4_unicode_ci NOT NULL,
  `owner` varchar(191) CHARACTER SET utf8mb4 COLLATE utf8mb4_unicode_ci NOT NULL,
  `expiration` int NOT NULL,
  PRIMARY KEY (`key`)
) ENGINE=MyISAM DEFAULT CHARSET=utf8mb4 COLLATE=utf8mb4_unicode_ci;
/*!40101 SET character_set_client = @saved_cs_client */;

--
-- Dumping data for table `cache_locks`
--

LOCK TABLES `cache_locks` WRITE;
/*!40000 ALTER TABLE `cache_locks` DISABLE KEYS */;
/*!40000 ALTER TABLE `cache_locks` ENABLE KEYS */;
UNLOCK TABLES;

--
-- Table structure for table `failed_jobs`
--

DROP TABLE IF EXISTS `failed_jobs`;
/*!40101 SET @saved_cs_client     = @@character_set_client */;
/*!50503 SET character_set_client = utf8mb4 */;
CREATE TABLE `failed_jobs` (
  `id` bigint unsigned NOT NULL AUTO_INCREMENT,
  `uuid` varchar(191) CHARACTER SET utf8mb4 COLLATE utf8mb4_unicode_ci NOT NULL,
  `connection` text CHARACTER SET utf8mb4 COLLATE utf8mb4_unicode_ci NOT NULL,
  `queue` text CHARACTER SET utf8mb4 COLLATE utf8mb4_unicode_ci NOT NULL,
  `payload` longtext CHARACTER SET utf8mb4 COLLATE utf8mb4_unicode_ci NOT NULL,
  `exception` longtext CHARACTER SET utf8mb4 COLLATE utf8mb4_unicode_ci NOT NULL,
  `failed_at` timestamp NOT NULL DEFAULT CURRENT_TIMESTAMP,
  PRIMARY KEY (`id`),
  UNIQUE KEY `failed_jobs_uuid_unique` (`uuid`)
) ENGINE=MyISAM DEFAULT CHARSET=utf8mb4 COLLATE=utf8mb4_unicode_ci;
/*!40101 SET character_set_client = @saved_cs_client */;

--
-- Dumping data for table `failed_jobs`
--

LOCK TABLES `failed_jobs` WRITE;
/*!40000 ALTER TABLE `failed_jobs` DISABLE KEYS */;
/*!40000 ALTER TABLE `failed_jobs` ENABLE KEYS */;
UNLOCK TABLES;

--
-- Table structure for table `fish`
--

DROP TABLE IF EXISTS `fish`;
/*!40101 SET @saved_cs_client     = @@character_set_client */;
/*!50503 SET character_set_client = utf8mb4 */;
CREATE TABLE `fish` (
  `id` bigint unsigned NOT NULL AUTO_INCREMENT,
  `name` varchar(191) CHARACTER SET utf8mb4 COLLATE utf8mb4_unicode_ci NOT NULL,
  `created_at` timestamp NULL DEFAULT NULL,
  `updated_at` timestamp NULL DEFAULT NULL,
  PRIMARY KEY (`id`)
) ENGINE=MyISAM AUTO_INCREMENT=19 DEFAULT CHARSET=utf8mb4 COLLATE=utf8mb4_unicode_ci;
/*!40101 SET character_set_client = @saved_cs_client */;

--
-- Dumping data for table `fish`
--

LOCK TABLES `fish` WRITE;
/*!40000 ALTER TABLE `fish` DISABLE KEYS */;
INSERT INTO `fish` VALUES (1,'Brook Trout','2024-12-16 18:35:53','2024-12-16 18:35:53'),(2,'Brown Trout','2024-12-16 18:35:53','2024-12-16 18:35:53'),(3,'Rainbow Trout','2024-12-16 18:35:53','2024-12-16 18:35:53'),(4,'Lake Trout','2024-12-16 18:35:53','2024-12-16 18:35:53'),(5,'Landlocked Salmon','2024-12-16 18:35:53','2024-12-16 18:35:53'),(6,'Smallmouth Bass','2024-12-16 18:35:53','2024-12-16 18:35:53'),(7,'Burbot','2024-12-16 18:36:00','2024-12-16 18:36:00'),(8,'Chain pickerel','2024-12-16 18:36:00','2024-12-16 18:36:00'),(9,'Eel','2024-12-16 18:36:00','2024-12-16 18:36:00'),(10,'Gaspereau','2024-12-16 18:36:00','2024-12-16 18:36:00'),(11,'Muskellunge','2024-12-16 18:36:00','2024-12-16 18:36:00'),(12,'Rainbow smelt','2024-12-16 18:36:00','2024-12-16 18:36:00'),(13,'Shad','2024-12-16 18:36:00','2024-12-16 18:36:00'),(14,'Striped bass','2024-12-16 18:36:00','2024-12-16 18:36:00'),(15,'Sturgeon','2024-12-16 18:36:00','2024-12-16 18:36:00'),(16,'Whitefish','2024-12-16 18:37:06','2024-12-16 18:37:06'),(17,'White perch','2024-12-16 18:37:06','2024-12-16 18:37:06'),(18,'Yellow perch','2024-12-16 18:37:06','2024-12-16 18:37:06');
/*!40000 ALTER TABLE `fish` ENABLE KEYS */;
UNLOCK TABLES;

--
-- Table structure for table `fish_categories`
--

DROP TABLE IF EXISTS `fish_categories`;
/*!40101 SET @saved_cs_client     = @@character_set_client */;
/*!50503 SET character_set_client = utf8mb4 */;
CREATE TABLE `fish_categories` (
  `id` bigint unsigned NOT NULL AUTO_INCREMENT,
  `name` varchar(191) CHARACTER SET utf8mb4 COLLATE utf8mb4_unicode_ci NOT NULL,
  `created_at` timestamp NULL DEFAULT NULL,
  `updated_at` timestamp NULL DEFAULT NULL,
  PRIMARY KEY (`id`)
) ENGINE=MyISAM AUTO_INCREMENT=5 DEFAULT CHARSET=utf8mb4 COLLATE=utf8mb4_unicode_ci;
/*!40101 SET character_set_client = @saved_cs_client */;

--
-- Dumping data for table `fish_categories`
--

LOCK TABLES `fish_categories` WRITE;
/*!40000 ALTER TABLE `fish_categories` DISABLE KEYS */;
INSERT INTO `fish_categories` VALUES (1,'Trout','2024-12-16 18:35:53','2024-12-16 18:35:53'),(2,'Salmon','2024-12-16 18:35:53','2024-12-16 18:35:53'),(3,'Bass','2024-12-16 18:35:53','2024-12-16 18:35:53'),(4,'Non-Sport Fish','2024-12-16 18:35:53','2024-12-16 18:35:53');
/*!40000 ALTER TABLE `fish_categories` ENABLE KEYS */;
UNLOCK TABLES;

--
-- Table structure for table `fish_limits`
--

DROP TABLE IF EXISTS `fish_limits`;
/*!40101 SET @saved_cs_client     = @@character_set_client */;
/*!50503 SET character_set_client = utf8mb4 */;
CREATE TABLE `fish_limits` (
  `id` bigint unsigned NOT NULL AUTO_INCREMENT,
  `season_start` date NOT NULL,
  `season_end` date NOT NULL,
  `bag_limit` int DEFAULT NULL,
  `minimum_size` varchar(191) CHARACTER SET utf8mb4 COLLATE utf8mb4_unicode_ci DEFAULT NULL,
  `maximum_size` varchar(191) CHARACTER SET utf8mb4 COLLATE utf8mb4_unicode_ci DEFAULT NULL,
  `note` varchar(191) CHARACTER SET utf8mb4 COLLATE utf8mb4_unicode_ci DEFAULT NULL,
  `created_at` timestamp NULL DEFAULT NULL,
  `updated_at` timestamp NULL DEFAULT NULL,
  `location_id` bigint unsigned NOT NULL,
  `fish_category_id` bigint unsigned NOT NULL,
  `fish_id` bigint unsigned DEFAULT NULL,
  `boundary_id` bigint unsigned DEFAULT NULL,
  `waters_category_id` bigint unsigned DEFAULT NULL,
  `water_id` bigint unsigned DEFAULT NULL,
  `water_description` varchar(191) CHARACTER SET utf8mb4 COLLATE utf8mb4_unicode_ci DEFAULT NULL,
  `tidal_category_id` bigint unsigned DEFAULT NULL,
  `fishing_method_id` bigint unsigned DEFAULT NULL,
  PRIMARY KEY (`id`),
  KEY `fish_limits_location_id_foreign` (`location_id`),
  KEY `fish_limits_fish_category_id_foreign` (`fish_category_id`),
  KEY `fish_limits_fish_id_foreign` (`fish_id`),
  KEY `fish_limits_boundary_id_foreign` (`boundary_id`),
  KEY `fish_limits_waters_category_id_foreign` (`waters_category_id`),
  KEY `fish_limits_water_id_foreign` (`water_id`),
  KEY `fish_limits_tidal_category_id_foreign` (`tidal_category_id`),
  KEY `fish_limits_fishing_method_id_foreign` (`fishing_method_id`)
) ENGINE=MyISAM AUTO_INCREMENT=5770 DEFAULT CHARSET=utf8mb4 COLLATE=utf8mb4_unicode_ci;
/*!40101 SET character_set_client = @saved_cs_client */;

--
-- Dumping data for table `fish_limits`
--

LOCK TABLES `fish_limits` WRITE;
/*!40000 ALTER TABLE `fish_limits` DISABLE KEYS */;
INSERT INTO `fish_limits` VALUES (1,'2024-04-15','2024-09-15',5,'10cm',NULL,NULL,'2024-12-16 18:35:53','2024-12-17 21:18:48',1,1,1,1,1,NULL,NULL,NULL,NULL),(2,'2024-04-15','2024-09-15',2,'15cm',NULL,NULL,'2024-12-16 18:35:53','2024-12-17 21:18:48',1,1,2,1,1,NULL,NULL,NULL,NULL),(3,'2024-04-15','2024-09-15',5,'15cm',NULL,NULL,'2024-12-16 18:35:53','2024-12-17 21:18:48',1,1,3,1,1,NULL,NULL,NULL,NULL),(4,'2024-04-15','2024-09-15',2,'45cm',NULL,NULL,'2024-12-16 18:35:53','2024-12-17 21:18:48',1,1,4,1,1,NULL,NULL,NULL,NULL),(5,'2024-05-01','2024-09-15',5,'10cm',NULL,NULL,'2024-12-16 18:35:53','2024-12-17 21:18:48',1,1,1,1,2,NULL,NULL,NULL,NULL),(6,'2024-05-01','2024-09-15',2,'15cm',NULL,NULL,'2024-12-16 18:35:53','2024-12-17 21:18:48',1,1,2,1,2,NULL,NULL,NULL,NULL),(7,'2024-05-01','2024-09-15',5,'15cm',NULL,NULL,'2024-12-16 18:35:53','2024-12-17 21:18:48',1,1,3,1,2,NULL,NULL,NULL,NULL),(8,'2024-05-01','2024-09-15',2,'45cm',NULL,NULL,'2024-12-16 18:35:53','2024-12-17 21:18:48',1,1,4,1,2,NULL,NULL,NULL,NULL),(9,'2024-04-15','2024-09-30',2,'35cm','63cm',NULL,'2024-12-16 18:35:53','2024-12-17 21:18:48',1,2,5,1,1,1,NULL,NULL,NULL),(10,'2024-05-01','2024-09-30',2,'35cm','63cm',NULL,'2024-12-16 18:35:53','2024-12-17 21:18:48',1,2,5,1,2,2,NULL,NULL,NULL),(11,'2024-05-01','2024-09-30',2,'35cm','63cm',NULL,'2024-12-16 18:35:53','2024-12-17 21:18:48',1,2,5,1,2,3,NULL,NULL,NULL),(12,'2024-05-01','2024-09-30',2,'35cm','63cm',NULL,'2024-12-16 18:35:53','2024-12-17 21:18:48',1,2,5,1,2,4,NULL,NULL,NULL),(13,'2024-05-01','2024-09-30',2,'35cm','63cm',NULL,'2024-12-16 18:35:53','2024-12-17 21:18:48',1,2,5,1,2,5,NULL,NULL,NULL),(5750,'2024-04-15','2024-09-30',2,'35cm','63cm',NULL,'2024-12-17 21:18:49','2024-12-17 21:18:49',2,2,5,1,2,28,NULL,NULL,NULL),(5751,'2024-04-15','2024-09-30',2,'35cm','63cm',NULL,'2024-12-17 21:18:49','2024-12-17 21:18:49',2,2,5,1,1,29,NULL,NULL,NULL),(5752,'2024-05-01','2024-09-30',2,'35cm','63cm',NULL,'2024-12-17 21:18:49','2024-12-17 21:18:49',2,2,5,1,2,30,NULL,NULL,NULL),(5753,'2024-05-01','2024-09-30',2,'35cm','63cm',NULL,'2024-12-17 21:18:49','2024-12-17 21:18:49',2,2,5,1,2,31,NULL,NULL,NULL),(5721,'2024-09-16','2024-11-30',0,'30cm','60cm',NULL,'2024-12-17 21:18:49','2024-12-17 21:18:49',1,3,6,1,1,25,'from the power lines  crossing the river 360 m below the covered  bridge in Hartland downstream to the Route  585 highway bridge in Grafton, excluding  tributaries',NULL,NULL),(5720,'2024-07-01','2024-09-15',2,'30cm','60cm',NULL,'2024-12-17 21:18:49','2024-12-17 21:18:49',1,3,6,1,1,25,'from the power lines  crossing the river 360 m below the covered  bridge in Hartland downstream to the Route  585 highway bridge in Grafton, excluding  tributaries',NULL,NULL),(5719,'2024-04-15','2024-06-30',0,'30cm','60cm',NULL,'2024-12-17 21:18:49','2024-12-17 21:18:49',1,3,6,1,1,25,'from the power lines  crossing the river 360 m below the covered  bridge in Hartland downstream to the Route  585 highway bridge in Grafton, excluding  tributaries',NULL,NULL),(5718,'2024-09-16','2024-11-30',0,'30cm','60cm',NULL,'2024-12-17 21:18:49','2024-12-17 21:18:49',1,3,6,1,1,27,'including Mactaquac Arm,  Longs Creek Arm and Kellys Creek Basin',NULL,NULL),(5715,'2024-07-01','2024-09-15',2,'30cm','60cm',NULL,'2024-12-17 21:18:49','2024-12-17 21:18:49',1,3,6,1,1,19,'upstream of the railway  bridge (1.3 km upstream of Route 2) to the  North Branch Meduxnekeag River',NULL,NULL),(5716,'2024-05-01','2024-06-30',0,'30cm','60cm',NULL,'2024-12-17 21:18:49','2024-12-17 21:18:49',1,3,6,1,1,27,'including Mactaquac Arm,  Longs Creek Arm and Kellys Creek Basin',NULL,NULL),(5717,'2024-07-01','2024-09-15',2,'30cm','60cm',NULL,'2024-12-17 21:18:49','2024-12-17 21:18:49',1,3,6,1,1,27,'including Mactaquac Arm,  Longs Creek Arm and Kellys Creek Basin',NULL,NULL),(5713,'2024-09-16','2024-11-30',0,'30cm','60cm',NULL,'2024-12-17 21:18:49','2024-12-17 21:18:49',1,3,6,1,1,25,'and all tributaries  downstream of the Mactaquac Dam',2,NULL),(5714,'2024-04-15','2024-06-30',0,'30cm','60cm',NULL,'2024-12-17 21:18:49','2024-12-17 21:18:49',1,3,6,1,1,19,'upstream of the railway  bridge (1.3 km upstream of Route 2) to the  North Branch Meduxnekeag River',NULL,NULL),(5712,'2024-07-01','2024-09-15',2,'30cm','60cm',NULL,'2024-12-17 21:18:49','2024-12-17 21:18:49',1,3,6,1,1,25,'and all tributaries  downstream of the Mactaquac Dam',2,NULL),(5711,'2024-04-15','2024-06-30',0,'30cm','60cm',NULL,'2024-12-17 21:18:49','2024-12-17 21:18:49',1,3,6,1,1,25,'and all tributaries  downstream of the Mactaquac Dam',2,NULL),(5710,'2024-09-16','2024-10-15',0,'30cm','60cm',NULL,'2024-12-17 21:18:49','2024-12-17 21:18:49',1,3,6,1,1,26,'downstream of Route 2',1,NULL),(5707,'2024-09-16','2024-10-15',0,'30cm','60cm',NULL,'2024-12-17 21:18:49','2024-12-17 21:18:49',1,3,6,1,1,23,'including the North  Branch and South Branch Oromocto River  downstream of Route 101',1,NULL),(5708,'2024-09-16','2024-10-15',0,'30cm','60cm',NULL,'2024-12-17 21:18:49','2024-12-17 21:18:49',1,3,6,1,1,24,'downstream of Route 2',1,NULL),(5709,'2024-09-16','2024-10-15',0,'30cm','60cm',NULL,'2024-12-17 21:18:49','2024-12-17 21:18:49',1,3,6,1,1,25,'from the covered bridge  in Hartland to the power line crossing  360 m downstream',1,NULL),(5705,'2024-09-16','2024-10-15',0,'30cm','60cm',NULL,'2024-12-17 21:18:49','2024-12-17 21:18:49',1,3,6,1,1,21,'downstream of  Sunset Drive',1,NULL),(5706,'2024-09-16','2024-10-15',0,'30cm','60cm',NULL,'2024-12-17 21:18:49','2024-12-17 21:18:49',1,3,6,1,1,22,'downstream of the Brittain  Road bridge',1,NULL),(5699,'2024-09-16','2024-10-15',0,'30cm','60cm',NULL,'2024-12-17 21:18:48','2024-12-17 21:18:48',1,3,6,1,1,6,'downstream of the  bridge in French Village (closed before  May 1)',1,NULL),(5700,'2024-09-16','2024-10-15',0,'30cm','60cm',NULL,'2024-12-17 21:18:48','2024-12-17 21:18:48',1,3,6,1,1,7,'downstream of the  Bloomfield Station bridge',1,NULL),(5701,'2024-09-16','2024-10-15',0,'30cm','60cm',NULL,'2024-12-17 21:18:48','2024-12-17 21:18:48',1,3,6,1,1,8,'downstream of Route 105',1,NULL),(5702,'2024-09-16','2024-10-15',0,'30cm','60cm',NULL,'2024-12-17 21:18:48','2024-12-17 21:18:48',1,3,6,1,1,19,'downstream of the  railway bridge (1.3 km upstream of  Route 2)',1,NULL),(5703,'2024-09-16','2024-10-15',0,'30cm','60cm',NULL,'2024-12-17 21:18:48','2024-12-17 21:18:48',1,3,6,1,1,9,'downstream of the  Durham Bridge',1,NULL),(5704,'2024-09-16','2024-10-15',0,'30cm','60cm',NULL,'2024-12-17 21:18:49','2024-12-17 21:18:49',1,3,6,1,1,20,'downstream of Route  595',1,NULL),(5697,'2024-07-01','2024-09-15',2,'30cm','60cm',NULL,'2024-12-17 21:18:48','2024-12-17 21:18:48',1,3,6,1,1,26,'downstream of Route 2',1,NULL),(5698,'2024-09-16','2024-10-15',0,'30cm','60cm',NULL,'2024-12-17 21:18:48','2024-12-17 21:18:48',1,3,6,1,1,18,'downstream of First Eel Lake',1,NULL),(5694,'2024-07-01','2024-09-15',2,'30cm','60cm',NULL,'2024-12-17 21:18:48','2024-12-17 21:18:48',1,3,6,1,1,23,'including the North  Branch and South Branch Oromocto River  downstream of Route 101',1,NULL),(5695,'2024-07-01','2024-09-15',2,'30cm','60cm',NULL,'2024-12-17 21:18:48','2024-12-17 21:18:48',1,3,6,1,1,24,'downstream of Route 2',1,NULL),(5696,'2024-07-01','2024-09-15',2,'30cm','60cm',NULL,'2024-12-17 21:18:48','2024-12-17 21:18:48',1,3,6,1,1,25,'from the covered bridge  in Hartland to the power line crossing  360 m downstream',1,NULL),(5693,'2024-07-01','2024-09-15',2,'30cm','60cm',NULL,'2024-12-17 21:18:48','2024-12-17 21:18:48',1,3,6,1,1,22,'downstream of the Brittain  Road bridge',1,NULL),(5692,'2024-07-01','2024-09-15',2,'30cm','60cm',NULL,'2024-12-17 21:18:48','2024-12-17 21:18:48',1,3,6,1,1,21,'downstream of  Sunset Drive',1,NULL),(5690,'2024-07-01','2024-09-15',2,'30cm','60cm',NULL,'2024-12-17 21:18:48','2024-12-17 21:18:48',1,3,6,1,1,9,'downstream of the  Durham Bridge',1,NULL),(5691,'2024-07-01','2024-09-15',2,'30cm','60cm',NULL,'2024-12-17 21:18:48','2024-12-17 21:18:48',1,3,6,1,1,20,'downstream of Route  595',1,NULL),(5685,'2024-07-01','2024-09-15',2,'30cm','60cm',NULL,'2024-12-17 21:18:48','2024-12-17 21:18:48',1,3,6,1,1,18,'downstream of First Eel Lake',1,NULL),(5686,'2024-07-01','2024-09-15',2,'30cm','60cm',NULL,'2024-12-17 21:18:48','2024-12-17 21:18:48',1,3,6,1,1,6,'downstream of the  bridge in French Village (closed before  May 1)',1,NULL),(5687,'2024-07-01','2024-09-15',2,'30cm','60cm',NULL,'2024-12-17 21:18:48','2024-12-17 21:18:48',1,3,6,1,1,7,'downstream of the  Bloomfield Station bridge',1,NULL),(5688,'2024-07-01','2024-09-15',2,'30cm','60cm',NULL,'2024-12-17 21:18:48','2024-12-17 21:18:48',1,3,6,1,1,8,'downstream of Route 105',1,NULL),(5689,'2024-07-01','2024-09-15',2,'30cm','60cm',NULL,'2024-12-17 21:18:48','2024-12-17 21:18:48',1,3,6,1,1,19,'downstream of the  railway bridge (1.3 km upstream of  Route 2)',1,NULL),(5681,'2024-04-15','2024-06-30',0,'30cm','60cm',NULL,'2024-12-17 21:18:48','2024-12-17 21:18:48',1,3,6,1,1,23,'including the North  Branch and South Branch Oromocto River  downstream of Route 101',1,NULL),(5682,'2024-04-15','2024-06-30',0,'30cm','60cm',NULL,'2024-12-17 21:18:48','2024-12-17 21:18:48',1,3,6,1,1,24,'downstream of Route 2',1,NULL),(5683,'2024-04-15','2024-06-30',0,'30cm','60cm',NULL,'2024-12-17 21:18:48','2024-12-17 21:18:48',1,3,6,1,1,25,'from the covered bridge  in Hartland to the power line crossing  360 m downstream',1,NULL),(5684,'2024-04-15','2024-06-30',0,'30cm','60cm',NULL,'2024-12-17 21:18:48','2024-12-17 21:18:48',1,3,6,1,1,26,'downstream of Route 2',1,NULL),(5677,'2024-04-15','2024-06-30',0,'30cm','60cm',NULL,'2024-12-17 21:18:48','2024-12-17 21:18:48',1,3,6,1,1,9,'downstream of the  Durham Bridge',1,NULL),(5678,'2024-04-15','2024-06-30',0,'30cm','60cm',NULL,'2024-12-17 21:18:48','2024-12-17 21:18:48',1,3,6,1,1,20,'downstream of Route  595',1,NULL),(5679,'2024-04-15','2024-06-30',0,'30cm','60cm',NULL,'2024-12-17 21:18:48','2024-12-17 21:18:48',1,3,6,1,1,21,'downstream of  Sunset Drive',1,NULL),(5680,'2024-04-15','2024-06-30',0,'30cm','60cm',NULL,'2024-12-17 21:18:48','2024-12-17 21:18:48',1,3,6,1,1,22,'downstream of the Brittain  Road bridge',1,NULL),(5749,'2024-01-01','2024-12-30',100,'10cm','50cm',NULL,'2024-12-17 21:18:49','2024-12-17 21:18:49',1,4,18,1,NULL,NULL,NULL,2,NULL),(5748,'2024-01-01','2024-12-31',100,'10cm','50cm',NULL,'2024-12-17 21:18:49','2024-12-17 21:18:49',1,4,18,1,NULL,NULL,NULL,1,NULL),(5747,'2024-01-01','2024-12-30',25,'10cm','50cm',NULL,'2024-12-17 21:18:49','2024-12-17 21:18:49',1,4,17,1,NULL,NULL,NULL,2,NULL),(5746,'2024-01-01','2024-12-31',25,'10cm','50cm',NULL,'2024-12-17 21:18:49','2024-12-17 21:18:49',1,4,17,1,NULL,NULL,NULL,1,NULL),(5745,'2024-01-01','2024-09-15',8,'10cm','70cm',NULL,'2024-12-17 21:18:49','2024-12-17 21:18:49',1,4,16,1,NULL,NULL,NULL,2,NULL),(5744,'2024-01-01','2024-09-15',8,'10cm','70cm',NULL,'2024-12-17 21:18:49','2024-12-17 21:18:49',1,4,16,1,NULL,NULL,NULL,1,NULL),(5743,'2024-07-01','2024-12-31',NULL,'130cm',NULL,NULL,'2024-12-17 21:18:49','2024-12-17 21:18:49',1,4,15,1,NULL,NULL,NULL,2,NULL),(5742,'2024-01-01','2024-05-31',NULL,'130cm',NULL,NULL,'2024-12-17 21:18:49','2024-12-17 21:18:49',1,4,15,1,NULL,NULL,NULL,2,NULL),(5741,'2024-07-01','2024-12-31',NULL,'130cm',NULL,NULL,'2024-12-17 21:18:49','2024-12-17 21:18:49',1,4,15,1,NULL,NULL,NULL,1,3),(5740,'2024-01-01','2024-05-31',NULL,'130cm',NULL,NULL,'2024-12-17 21:18:49','2024-12-17 21:18:49',1,4,15,1,NULL,NULL,NULL,1,3),(5739,'2024-01-01','2024-12-29',1,'68cm','150cm',NULL,'2024-12-17 21:18:49','2024-12-17 21:18:49',1,4,14,1,NULL,NULL,NULL,2,NULL),(5738,'2024-01-01','2024-10-15',1,'68cm','150cm',NULL,'2024-12-17 21:18:49','2024-12-17 21:18:49',1,4,14,1,NULL,NULL,NULL,1,NULL),(5674,'2024-04-15','2024-06-30',0,'30cm','60cm',NULL,'2024-12-17 21:18:48','2024-12-17 21:18:48',1,3,6,1,1,7,'downstream of the  Bloomfield Station bridge',1,NULL),(5675,'2024-04-15','2024-06-30',0,'30cm','60cm',NULL,'2024-12-17 21:18:48','2024-12-17 21:18:48',1,3,6,1,1,8,'downstream of Route 105',1,NULL),(5676,'2024-04-15','2024-06-30',0,'30cm','60cm',NULL,'2024-12-17 21:18:48','2024-12-17 21:18:48',1,3,6,1,1,19,'downstream of the  railway bridge (1.3 km upstream of  Route 2)',1,NULL),(5673,'2024-04-15','2024-06-30',0,'30cm','60cm',NULL,'2024-12-17 21:18:48','2024-12-17 21:18:48',1,3,6,1,1,6,'downstream of the  bridge in French Village (closed before  May 1)',1,NULL),(5672,'2024-04-15','2024-06-30',0,'30cm','60cm',NULL,'2024-12-17 21:18:48','2024-12-17 21:18:48',1,3,6,1,1,18,'downstream of First Eel Lake',1,NULL),(5671,'2024-09-16','2024-10-15',0,'30cm','60cm',NULL,'2024-12-17 21:18:48','2024-12-17 21:18:48',1,3,6,1,2,5,NULL,NULL,NULL),(5670,'2024-09-16','2024-10-15',0,'30cm','60cm',NULL,'2024-12-17 21:18:48','2024-12-17 21:18:48',1,3,6,1,2,17,NULL,NULL,NULL),(5669,'2024-09-16','2024-10-15',0,'30cm','60cm',NULL,'2024-12-17 21:18:48','2024-12-17 21:18:48',1,3,6,1,2,4,NULL,NULL,NULL),(5668,'2024-09-16','2024-10-15',0,'30cm','60cm',NULL,'2024-12-17 21:18:48','2024-12-17 21:18:48',1,3,6,1,2,3,NULL,NULL,NULL),(5667,'2024-09-16','2024-10-15',0,'30cm','60cm',NULL,'2024-12-17 21:18:48','2024-12-17 21:18:48',1,3,6,1,2,16,NULL,NULL,NULL),(5666,'2024-09-16','2024-10-15',0,'30cm','60cm',NULL,'2024-12-17 21:18:48','2024-12-17 21:18:48',1,3,6,1,2,15,NULL,NULL,NULL),(5665,'2024-09-16','2024-10-15',0,'30cm','60cm',NULL,'2024-12-17 21:18:48','2024-12-17 21:18:48',1,3,6,1,2,14,NULL,NULL,NULL),(5663,'2024-09-16','2024-10-15',0,'30cm','60cm',NULL,'2024-12-17 21:18:48','2024-12-17 21:18:48',1,3,6,1,2,12,NULL,NULL,NULL),(5664,'2024-09-16','2024-10-15',0,'30cm','60cm',NULL,'2024-12-17 21:18:48','2024-12-17 21:18:48',1,3,6,1,2,13,NULL,NULL,NULL),(5737,'2024-01-01','2024-12-31',5,NULL,NULL,NULL,'2024-12-17 21:18:49','2024-12-17 21:18:49',1,4,13,1,NULL,NULL,NULL,2,NULL),(5736,'2024-01-01','2024-12-31',5,NULL,NULL,NULL,'2024-12-17 21:18:49','2024-12-17 21:18:49',1,4,13,1,NULL,NULL,NULL,1,NULL),(5735,'2024-08-01','2024-05-31',60,NULL,NULL,NULL,'2024-12-17 21:18:49','2024-12-17 21:18:49',1,4,12,1,NULL,NULL,NULL,2,2),(5734,'2024-01-01','2024-09-30',60,NULL,NULL,NULL,'2024-12-17 21:18:49','2024-12-17 21:18:49',1,4,12,1,NULL,NULL,NULL,1,2),(5733,'2024-04-01','2024-05-31',60,NULL,NULL,NULL,'2024-12-17 21:18:49','2024-12-17 21:18:49',1,4,12,1,NULL,NULL,NULL,2,1),(5732,'2024-01-01','2024-05-31',60,NULL,NULL,NULL,'2024-12-17 21:18:49','2024-12-17 21:18:49',1,4,12,1,NULL,NULL,NULL,1,1),(5731,'2024-01-01','2024-12-30',5,'10cm','170cm',NULL,'2024-12-17 21:18:49','2024-12-17 21:18:49',1,4,11,1,NULL,NULL,NULL,2,NULL),(5730,'2024-01-01','2024-12-31',5,'10cm','170cm',NULL,'2024-12-17 21:18:49','2024-12-17 21:18:49',1,4,11,1,NULL,NULL,NULL,1,NULL),(5729,'2024-01-01','2024-12-31',20,NULL,NULL,NULL,'2024-12-17 21:18:49','2024-12-17 21:18:49',1,4,10,1,NULL,NULL,NULL,2,NULL),(5728,'2024-01-01','2024-12-31',20,NULL,NULL,NULL,'2024-12-17 21:18:49','2024-12-17 21:18:49',1,4,10,1,NULL,NULL,NULL,1,NULL),(5657,'2024-07-01','2024-09-15',2,'30cm','60cm',NULL,'2024-12-17 21:18:48','2024-12-17 21:18:48',1,3,6,1,2,3,NULL,NULL,NULL),(5658,'2024-07-01','2024-09-15',2,'30cm','60cm',NULL,'2024-12-17 21:18:48','2024-12-17 21:18:48',1,3,6,1,2,4,NULL,NULL,NULL),(5659,'2024-07-01','2024-09-15',2,'30cm','60cm',NULL,'2024-12-17 21:18:48','2024-12-17 21:18:48',1,3,6,1,2,17,NULL,NULL,NULL),(5660,'2024-07-01','2024-09-15',2,'30cm','60cm',NULL,'2024-12-17 21:18:48','2024-12-17 21:18:48',1,3,6,1,2,5,NULL,NULL,NULL),(5661,'2024-09-16','2024-10-15',0,'30cm','60cm',NULL,'2024-12-17 21:18:48','2024-12-17 21:18:48',1,3,6,1,2,10,NULL,NULL,NULL),(5662,'2024-09-16','2024-10-15',0,'30cm','60cm',NULL,'2024-12-17 21:18:48','2024-12-17 21:18:48',1,3,6,1,2,11,NULL,NULL,NULL),(5649,'2024-05-01','2024-06-30',0,'30cm','60cm',NULL,'2024-12-17 21:18:48','2024-12-17 21:18:48',1,3,6,1,2,5,NULL,NULL,NULL),(5650,'2024-07-01','2024-09-15',2,'30cm','60cm',NULL,'2024-12-17 21:18:48','2024-12-17 21:18:48',1,3,6,1,2,10,NULL,NULL,NULL),(5651,'2024-07-01','2024-09-15',2,'30cm','60cm',NULL,'2024-12-17 21:18:48','2024-12-17 21:18:48',1,3,6,1,2,11,NULL,NULL,NULL),(5652,'2024-07-01','2024-09-15',2,'30cm','60cm',NULL,'2024-12-17 21:18:48','2024-12-17 21:18:48',1,3,6,1,2,12,NULL,NULL,NULL),(5655,'2024-07-01','2024-09-15',2,'30cm','60cm',NULL,'2024-12-17 21:18:48','2024-12-17 21:18:48',1,3,6,1,2,15,NULL,NULL,NULL),(5654,'2024-07-01','2024-09-15',2,'30cm','60cm',NULL,'2024-12-17 21:18:48','2024-12-17 21:18:48',1,3,6,1,2,14,NULL,NULL,NULL),(5653,'2024-07-01','2024-09-15',2,'30cm','60cm',NULL,'2024-12-17 21:18:48','2024-12-17 21:18:48',1,3,6,1,2,13,NULL,NULL,NULL),(5727,'2024-01-01','2024-12-31',10,'35cm',NULL,NULL,'2024-12-17 21:18:49','2024-12-17 21:18:49',1,4,9,1,NULL,NULL,NULL,2,NULL),(5726,'2024-01-01','2024-12-31',10,'35cm',NULL,NULL,'2024-12-17 21:18:49','2024-12-17 21:18:49',1,4,9,1,NULL,NULL,NULL,1,NULL),(5725,'2024-01-01','2024-12-30',10,'10cm','100cm',NULL,'2024-12-17 21:18:49','2024-12-17 21:18:49',1,4,8,1,NULL,NULL,NULL,2,NULL),(5724,'2024-01-01','2024-12-31',10,'10cm','100cm',NULL,'2024-12-17 21:18:49','2024-12-17 21:18:49',1,4,8,1,NULL,NULL,NULL,1,NULL),(5723,'2024-01-01','2024-12-30',10,'10cm','100cm',NULL,'2024-12-17 21:18:49','2024-12-17 21:18:49',1,4,7,1,NULL,NULL,NULL,2,NULL),(5656,'2024-07-01','2024-09-15',2,'30cm','60cm',NULL,'2024-12-17 21:18:48','2024-12-17 21:18:48',1,3,6,1,2,16,NULL,NULL,NULL),(5646,'2024-05-01','2024-06-30',0,'30cm','60cm',NULL,'2024-12-17 21:18:48','2024-12-17 21:18:48',1,3,6,1,2,3,NULL,NULL,NULL),(5647,'2024-05-01','2024-06-30',0,'30cm','60cm',NULL,'2024-12-17 21:18:48','2024-12-17 21:18:48',1,3,6,1,2,4,NULL,NULL,NULL),(5648,'2024-05-01','2024-06-30',0,'30cm','60cm',NULL,'2024-12-17 21:18:48','2024-12-17 21:18:48',1,3,6,1,2,17,NULL,NULL,NULL),(5722,'2024-01-01','2024-12-31',10,'10cm','100cm',NULL,'2024-12-17 21:18:49','2024-12-17 21:18:49',1,4,7,1,NULL,NULL,NULL,1,NULL),(5645,'2024-05-01','2024-06-30',0,'30cm','60cm',NULL,'2024-12-17 21:18:48','2024-12-17 21:18:48',1,3,6,1,2,16,NULL,NULL,NULL),(5644,'2024-05-01','2024-06-30',0,'30cm','60cm',NULL,'2024-12-17 21:18:48','2024-12-17 21:18:48',1,3,6,1,2,15,NULL,NULL,NULL),(5643,'2024-05-01','2024-06-30',0,'30cm','60cm',NULL,'2024-12-17 21:18:48','2024-12-17 21:18:48',1,3,6,1,2,14,NULL,NULL,NULL),(5642,'2024-05-01','2024-06-30',0,'30cm','60cm',NULL,'2024-12-17 21:18:48','2024-12-17 21:18:48',1,3,6,1,2,13,NULL,NULL,NULL),(5641,'2024-05-01','2024-06-30',0,'30cm','60cm',NULL,'2024-12-17 21:18:48','2024-12-17 21:18:48',1,3,6,1,2,12,NULL,NULL,NULL),(5640,'2024-05-01','2024-06-30',0,'30cm','60cm',NULL,'2024-12-17 21:18:48','2024-12-17 21:18:48',1,3,6,1,2,11,NULL,NULL,NULL),(5639,'2024-05-01','2024-06-30',0,'30cm','60cm',NULL,'2024-12-17 21:18:48','2024-12-17 21:18:48',1,3,6,1,2,10,NULL,NULL,NULL),(5638,'2024-04-15','2024-10-15',5,'10cm','60cm',NULL,'2024-12-17 21:18:48','2024-12-17 21:18:48',1,3,6,1,1,9,'from the  Durham Bridge upstream to the  East Branch Nashwaak River',NULL,NULL),(5637,'2024-04-15','2024-10-15',5,'10cm','60cm',NULL,'2024-12-17 21:18:48','2024-12-17 21:18:48',1,3,6,1,1,8,'from Route 105  upstream to the CN railway  bridge at Barton',NULL,NULL),(5636,'2024-04-15','2024-10-15',5,'10cm','60cm',NULL,'2024-12-17 21:18:48','2024-12-17 21:18:48',1,3,6,1,1,7,'from the  bridge on Bloomfield Station  Road upstream to the road  bridge at McCully station (grid  reference 1173 7051)',NULL,NULL),(5633,'2024-04-15','2024-09-15',5,'10cm','60cm',NULL,'2024-12-17 21:18:48','2024-12-17 21:18:48',1,3,6,1,1,NULL,NULL,NULL,NULL),(5634,'2024-05-01','2024-09-15',5,'10cm','60cm',NULL,'2024-12-17 21:18:48','2024-12-17 21:18:48',1,3,6,1,2,NULL,NULL,NULL,NULL),(5635,'2024-04-15','2024-10-15',5,'10cm','60cm',NULL,'2024-12-17 21:18:48','2024-12-17 21:18:48',1,3,6,1,1,6,'from the bridge  in French Village upstream to  McGonagle Brook',NULL,NULL),(5284,'2024-04-15','2024-09-15',5,'10cm',NULL,NULL,'2024-12-17 21:04:35','2024-12-17 21:18:49',2,1,1,1,1,NULL,NULL,NULL,NULL),(5285,'2024-04-15','2024-09-30',5,'15cm',NULL,NULL,'2024-12-17 21:04:35','2024-12-17 21:18:49',2,1,1,2,1,NULL,NULL,NULL,NULL),(5286,'2024-05-01','2024-09-15',5,'10cm',NULL,NULL,'2024-12-17 21:04:35','2024-12-17 21:18:49',2,1,1,1,2,NULL,NULL,NULL,NULL),(5287,'2024-04-15','2024-09-30',5,'15cm',NULL,NULL,'2024-12-17 21:04:35','2024-12-17 21:18:49',2,1,1,2,2,NULL,NULL,NULL,NULL),(5288,'2024-04-15','2024-09-15',2,'15cm',NULL,NULL,'2024-12-17 21:04:35','2024-12-17 21:18:49',2,1,2,1,1,NULL,NULL,NULL,NULL),(5289,'2024-04-15','2024-09-30',2,'15cm',NULL,NULL,'2024-12-17 21:04:35','2024-12-17 21:18:49',2,1,2,2,1,NULL,NULL,NULL,NULL),(5290,'2024-05-01','2024-09-15',2,'15cm',NULL,NULL,'2024-12-17 21:04:35','2024-12-17 21:18:49',2,1,2,1,2,NULL,NULL,NULL,NULL),(5291,'2024-04-15','2024-09-30',2,'15cm',NULL,NULL,'2024-12-17 21:04:35','2024-12-17 21:18:49',2,1,2,2,2,NULL,NULL,NULL,NULL),(5292,'2024-04-15','2024-09-15',5,'15cm',NULL,NULL,'2024-12-17 21:04:35','2024-12-17 21:18:49',2,1,3,1,1,NULL,NULL,NULL,NULL),(5293,'2024-04-15','2024-09-30',5,'15cm',NULL,NULL,'2024-12-17 21:04:35','2024-12-17 21:18:49',2,1,3,2,1,NULL,NULL,NULL,NULL),(5294,'2024-05-01','2024-09-15',5,'15cm',NULL,NULL,'2024-12-17 21:04:35','2024-12-17 21:18:49',2,1,3,1,2,NULL,NULL,NULL,NULL),(5295,'2024-04-15','2024-09-30',5,'15cm',NULL,NULL,'2024-12-17 21:04:35','2024-12-17 21:18:49',2,1,3,2,2,NULL,NULL,NULL,NULL),(5296,'2024-04-15','2024-09-15',2,'45cm',NULL,NULL,'2024-12-17 21:04:35','2024-12-17 21:18:49',2,1,4,1,1,NULL,NULL,NULL,NULL),(5297,'2024-04-15','2024-09-30',2,'45cm',NULL,NULL,'2024-12-17 21:04:35','2024-12-17 21:18:49',2,1,4,2,1,NULL,NULL,NULL,NULL),(5298,'2024-05-01','2024-09-15',2,'45cm',NULL,NULL,'2024-12-17 21:04:35','2024-12-17 21:18:49',2,1,4,1,2,NULL,NULL,NULL,NULL),(5299,'2024-04-15','2024-09-30',2,'45cm',NULL,NULL,'2024-12-17 21:04:35','2024-12-17 21:18:49',2,1,4,2,2,NULL,NULL,NULL,NULL),(5300,'2024-05-01','2024-09-30',2,'35cm','63cm',NULL,'2024-12-17 21:04:35','2024-12-17 21:18:49',2,2,5,1,2,32,NULL,NULL,NULL),(5301,'2024-04-15','2024-09-30',2,'35cm','63cm',NULL,'2024-12-17 21:04:35','2024-12-17 21:09:25',2,2,5,1,1,33,NULL,NULL,NULL),(5302,'2024-05-01','2024-09-30',2,'35cm','63cm',NULL,'2024-12-17 21:04:35','2024-12-17 21:18:49',2,2,5,1,2,34,NULL,NULL,NULL),(5303,'2024-05-01','2024-09-30',2,'35cm','63cm',NULL,'2024-12-17 21:04:35','2024-12-17 21:18:49',2,2,5,1,2,35,NULL,NULL,NULL),(5304,'2024-05-01','2024-09-30',2,'35cm','63cm',NULL,'2024-12-17 21:04:35','2024-12-17 21:18:49',2,2,5,1,2,36,NULL,NULL,NULL),(5305,'2024-05-01','2024-09-30',2,'35cm','63cm',NULL,'2024-12-17 21:04:35','2024-12-17 21:18:49',2,2,5,1,2,37,NULL,NULL,NULL),(5306,'2024-05-01','2024-09-30',2,'35cm','63cm',NULL,'2024-12-17 21:04:35','2024-12-17 21:18:49',2,2,5,1,2,38,NULL,NULL,NULL),(5307,'2024-05-01','2024-09-30',2,'35cm','63cm',NULL,'2024-12-17 21:04:35','2024-12-17 21:18:49',2,2,5,1,2,39,NULL,NULL,NULL),(5308,'2024-05-01','2024-09-30',2,'35cm','63cm',NULL,'2024-12-17 21:04:35','2024-12-17 21:18:49',2,2,5,1,2,40,NULL,NULL,NULL),(5309,'2024-05-01','2024-09-30',2,'35cm','63cm',NULL,'2024-12-17 21:04:35','2024-12-17 21:18:49',2,2,5,1,2,41,NULL,NULL,NULL),(5310,'2024-05-01','2024-09-30',2,'35cm','63cm',NULL,'2024-12-17 21:04:35','2024-12-17 21:18:49',2,2,5,1,2,42,NULL,NULL,NULL),(5311,'2024-05-01','2024-09-30',2,'35cm','63cm',NULL,'2024-12-17 21:04:35','2024-12-17 21:18:49',2,2,5,1,2,43,NULL,NULL,NULL),(5312,'2024-05-01','2024-09-30',2,'35cm','63cm',NULL,'2024-12-17 21:04:35','2024-12-17 21:18:49',2,2,5,1,2,44,NULL,NULL,NULL),(5313,'2024-05-01','2024-09-30',2,'35cm','63cm',NULL,'2024-12-17 21:04:35','2024-12-17 21:18:49',2,2,5,1,2,45,NULL,NULL,NULL),(5314,'2024-05-01','2024-09-30',2,'35cm','63cm',NULL,'2024-12-17 21:04:35','2024-12-17 21:18:49',2,2,5,1,2,46,NULL,NULL,NULL),(5315,'2024-05-01','2024-09-30',2,'35cm','63cm',NULL,'2024-12-17 21:04:35','2024-12-17 21:18:49',2,2,5,1,2,47,NULL,NULL,NULL),(5316,'2024-05-01','2024-09-30',2,'35cm','63cm',NULL,'2024-12-17 21:04:35','2024-12-17 21:18:49',2,2,5,1,2,48,NULL,NULL,NULL),(5317,'2024-05-01','2024-09-30',2,'35cm','63cm',NULL,'2024-12-17 21:04:35','2024-12-17 21:18:49',2,2,5,1,2,49,NULL,NULL,NULL),(5318,'2024-05-01','2024-09-30',2,'35cm','63cm',NULL,'2024-12-17 21:04:35','2024-12-17 21:18:49',2,2,5,1,2,50,NULL,NULL,NULL),(5319,'2024-05-01','2024-09-30',2,'35cm','63cm',NULL,'2024-12-17 21:04:35','2024-12-17 21:18:49',2,2,5,1,2,51,NULL,NULL,NULL),(5320,'2024-05-01','2024-09-30',2,'35cm','63cm',NULL,'2024-12-17 21:04:35','2024-12-17 21:18:49',2,2,5,1,2,52,NULL,NULL,NULL),(5321,'2024-05-01','2024-09-30',2,'35cm','63cm',NULL,'2024-12-17 21:04:35','2024-12-17 21:18:49',2,2,5,1,2,53,NULL,NULL,NULL),(5322,'2024-05-01','2024-09-30',2,'35cm','63cm',NULL,'2024-12-17 21:04:35','2024-12-17 21:18:49',2,2,5,1,2,54,NULL,NULL,NULL),(5323,'2024-05-01','2024-09-30',2,'35cm','63cm',NULL,'2024-12-17 21:04:35','2024-12-17 21:18:49',2,2,5,1,2,55,NULL,NULL,NULL),(5324,'2024-05-01','2024-09-30',2,'35cm','63cm',NULL,'2024-12-17 21:04:35','2024-12-17 21:18:49',2,2,5,1,2,56,NULL,NULL,NULL),(5325,'2024-05-01','2024-09-30',2,'35cm','63cm',NULL,'2024-12-17 21:04:35','2024-12-17 21:18:49',2,2,5,1,2,57,NULL,NULL,NULL),(5326,'2024-05-01','2024-09-30',2,'35cm','63cm',NULL,'2024-12-17 21:04:35','2024-12-17 21:18:49',2,2,5,1,2,58,NULL,NULL,NULL),(5327,'2024-05-01','2024-09-30',2,'35cm','63cm',NULL,'2024-12-17 21:04:35','2024-12-17 21:18:49',2,2,5,1,2,59,NULL,NULL,NULL),(5328,'2024-05-01','2024-09-30',2,'35cm','63cm',NULL,'2024-12-17 21:04:35','2024-12-17 21:18:49',2,2,5,1,2,60,NULL,NULL,NULL),(5329,'2024-05-01','2024-09-30',2,'35cm','63cm',NULL,'2024-12-17 21:04:35','2024-12-17 21:18:49',2,2,5,1,2,61,NULL,NULL,NULL),(5330,'2024-05-01','2024-09-30',2,'35cm','63cm',NULL,'2024-12-17 21:04:35','2024-12-17 21:18:49',2,2,5,1,2,62,NULL,NULL,NULL),(5331,'2024-05-01','2024-09-30',2,'35cm','63cm',NULL,'2024-12-17 21:04:35','2024-12-17 21:18:49',2,2,5,1,2,63,NULL,NULL,NULL),(5332,'2024-05-01','2024-09-30',2,'35cm','63cm',NULL,'2024-12-17 21:04:35','2024-12-17 21:18:49',2,2,5,1,2,64,NULL,NULL,NULL),(5333,'2024-05-01','2024-09-30',2,'35cm','63cm',NULL,'2024-12-17 21:04:35','2024-12-17 21:09:25',2,2,5,1,2,65,NULL,NULL,NULL),(5334,'2024-05-01','2024-09-30',2,'35cm','63cm',NULL,'2024-12-17 21:04:35','2024-12-17 21:09:25',2,2,5,1,2,66,NULL,NULL,NULL),(5335,'2024-05-01','2024-09-30',2,'35cm','63cm',NULL,'2024-12-17 21:04:35','2024-12-17 21:09:25',2,2,5,1,2,67,NULL,NULL,NULL),(5336,'2024-05-01','2024-09-30',2,'35cm','63cm',NULL,'2024-12-17 21:04:35','2024-12-17 21:09:25',2,2,5,1,2,68,NULL,NULL,NULL),(5337,'2024-04-15','2024-09-30',2,'35cm','63cm',NULL,'2024-12-17 21:04:35','2024-12-17 21:18:49',2,2,5,2,2,69,NULL,NULL,NULL),(5338,'2024-04-15','2024-09-30',2,'35cm','63cm',NULL,'2024-12-17 21:04:35','2024-12-17 21:18:49',2,2,5,2,1,70,NULL,NULL,NULL),(5339,'2024-04-15','2024-09-30',2,'35cm','63cm',NULL,'2024-12-17 21:04:35','2024-12-17 21:09:25',2,2,5,2,2,71,NULL,NULL,NULL),(5340,'2024-04-15','2024-09-30',2,'35cm','63cm',NULL,'2024-12-17 21:04:35','2024-12-17 21:09:25',2,2,5,2,2,72,NULL,NULL,NULL),(5341,'2024-04-15','2024-09-30',2,'35cm','63cm',NULL,'2024-12-17 21:04:35','2024-12-17 21:09:25',2,2,5,2,2,73,NULL,NULL,NULL),(5342,'2024-04-15','2024-09-30',2,'35cm','63cm',NULL,'2024-12-17 21:04:35','2024-12-17 21:09:25',2,2,5,2,1,74,NULL,NULL,NULL),(5343,'2024-04-15','2024-09-30',2,'35cm','63cm',NULL,'2024-12-17 21:04:35','2024-12-17 21:09:25',2,2,5,2,1,75,NULL,NULL,NULL),(5344,'2024-04-15','2024-09-30',2,'25cm',NULL,NULL,'2024-12-17 21:04:35','2024-12-17 21:18:49',2,3,6,2,1,NULL,NULL,NULL,NULL),(5345,'2024-04-15','2024-09-30',2,'25cm',NULL,NULL,'2024-12-17 21:04:35','2024-12-17 21:18:49',2,3,6,2,2,NULL,NULL,NULL,NULL),(5346,'2024-04-15','2024-09-15',5,'10cm','60cm',NULL,'2024-12-17 21:04:35','2024-12-17 21:18:49',2,3,6,1,1,NULL,NULL,NULL,NULL),(5347,'2024-05-01','2024-09-15',5,'10cm','60cm',NULL,'2024-12-17 21:04:35','2024-12-17 21:18:49',2,3,6,1,2,NULL,NULL,NULL,NULL),(5348,'2024-09-16','2024-10-15',0,'30cm','60cm',NULL,'2024-12-17 21:04:35','2024-12-17 21:18:49',2,3,6,2,2,76,NULL,NULL,NULL),(5349,'2024-09-16','2024-10-15',0,'30cm','60cm',NULL,'2024-12-17 21:04:35','2024-12-17 21:18:49',2,3,6,2,2,77,NULL,NULL,NULL),(5350,'2024-09-16','2024-10-15',0,'30cm','60cm',NULL,'2024-12-17 21:04:35','2024-12-17 21:09:13',2,3,6,2,2,41,NULL,NULL,NULL),(5351,'2024-09-16','2024-10-15',0,'30cm','60cm',NULL,'2024-12-17 21:04:35','2024-12-17 21:18:49',2,3,6,2,2,78,NULL,NULL,NULL),(5352,'2024-09-16','2024-10-15',0,'30cm','60cm',NULL,'2024-12-17 21:04:35','2024-12-17 21:18:49',2,3,6,2,2,79,NULL,NULL,NULL),(5353,'2024-09-16','2024-10-15',0,'30cm','60cm',NULL,'2024-12-17 21:04:35','2024-12-17 21:18:49',2,3,6,2,2,80,NULL,NULL,NULL),(5354,'2024-09-16','2024-10-15',0,'30cm','60cm',NULL,'2024-12-17 21:04:35','2024-12-17 21:18:49',2,3,6,2,2,81,NULL,NULL,NULL),(5355,'2024-09-16','2024-10-15',0,'30cm','60cm',NULL,'2024-12-17 21:04:35','2024-12-17 21:18:49',2,3,6,2,2,46,NULL,NULL,NULL),(5356,'2024-09-16','2024-10-15',0,'30cm','60cm',NULL,'2024-12-17 21:04:35','2024-12-17 21:09:13',2,3,6,2,2,50,NULL,NULL,NULL),(5357,'2024-09-16','2024-10-15',0,'30cm','60cm',NULL,'2024-12-17 21:04:35','2024-12-17 21:09:13',2,3,6,2,2,52,NULL,NULL,NULL),(5358,'2024-09-16','2024-10-15',0,'30cm','60cm',NULL,'2024-12-17 21:04:35','2024-12-17 21:18:49',2,3,6,2,2,82,NULL,NULL,NULL),(5359,'2024-09-16','2024-10-15',0,'30cm','60cm',NULL,'2024-12-17 21:04:35','2024-12-17 21:18:49',2,3,6,2,2,83,NULL,NULL,NULL),(5360,'2024-09-16','2024-10-15',0,'30cm','60cm',NULL,'2024-12-17 21:04:35','2024-12-17 21:18:50',2,3,6,2,2,84,NULL,NULL,NULL),(5361,'2024-09-16','2024-10-15',0,'30cm','60cm',NULL,'2024-12-17 21:04:35','2024-12-17 21:09:13',2,3,6,2,2,85,NULL,NULL,NULL),(5362,'2024-09-16','2024-10-15',0,'30cm','60cm',NULL,'2024-12-17 21:04:35','2024-12-17 21:09:13',2,3,6,2,2,86,NULL,NULL,NULL),(5363,'2024-09-16','2024-10-15',0,'30cm','60cm',NULL,'2024-12-17 21:04:35','2024-12-17 21:09:13',2,3,6,2,2,87,NULL,NULL,NULL),(5364,'2024-09-16','2024-10-15',0,'30cm','60cm',NULL,'2024-12-17 21:04:35','2024-12-17 21:18:50',2,3,6,2,2,61,NULL,NULL,NULL),(5365,'2024-09-16','2024-10-15',0,'30cm','60cm',NULL,'2024-12-17 21:04:35','2024-12-17 21:09:13',2,3,6,2,2,65,NULL,NULL,NULL),(5366,'2024-09-16','2024-10-15',0,'30cm','60cm',NULL,'2024-12-17 21:04:35','2024-12-17 21:09:13',2,3,6,2,2,66,NULL,NULL,NULL),(5367,'2024-09-16','2024-10-15',0,'30cm','60cm',NULL,'2024-12-17 21:04:35','2024-12-17 21:09:13',2,3,6,2,2,88,NULL,NULL,NULL),(5368,'2024-09-16','2024-10-15',0,'30cm','60cm',NULL,'2024-12-17 21:04:35','2024-12-17 21:09:13',2,3,6,2,2,68,NULL,NULL,NULL),(5371,'2024-01-01','2024-12-31',10,'10cm','100cm',NULL,'2024-12-17 21:04:36','2024-12-17 21:18:50',2,4,8,NULL,NULL,NULL,NULL,1,NULL),(5370,'2024-01-01','2024-12-30',10,'10cm','100cm',NULL,'2024-12-17 21:04:36','2024-12-17 21:18:50',2,4,7,NULL,NULL,NULL,NULL,2,NULL),(5369,'2024-01-01','2024-12-31',10,'10cm','100cm',NULL,'2024-12-17 21:04:36','2024-12-17 21:18:50',2,4,7,NULL,NULL,NULL,NULL,1,NULL),(5372,'2024-01-01','2024-12-30',10,'10cm','100cm',NULL,'2024-12-17 21:04:36','2024-12-17 21:18:50',2,4,8,NULL,NULL,NULL,NULL,2,NULL),(5373,'2024-01-01','2024-12-31',10,'35cm',NULL,NULL,'2024-12-17 21:04:36','2024-12-17 21:18:50',2,4,9,NULL,NULL,NULL,NULL,1,NULL),(5374,'2024-01-01','2024-12-31',10,'35cm',NULL,NULL,'2024-12-17 21:04:36','2024-12-17 21:18:50',2,4,9,NULL,NULL,NULL,NULL,2,NULL),(5375,'2024-01-01','2024-12-31',20,NULL,NULL,NULL,'2024-12-17 21:04:36','2024-12-17 21:18:50',2,4,10,NULL,NULL,NULL,NULL,1,NULL),(5376,'2024-01-01','2024-12-31',20,NULL,NULL,NULL,'2024-12-17 21:04:36','2024-12-17 21:18:50',2,4,10,NULL,NULL,NULL,NULL,2,NULL),(5377,'2024-04-01','2024-05-31',60,NULL,NULL,NULL,'2024-12-17 21:04:36','2024-12-17 21:18:50',2,4,12,1,NULL,NULL,NULL,2,1),(5378,'2024-08-01','2024-05-31',60,NULL,NULL,NULL,'2024-12-17 21:04:36','2024-12-17 21:18:50',2,4,12,1,NULL,NULL,NULL,2,2),(5379,'2024-01-01','2024-12-31',60,NULL,NULL,NULL,'2024-12-17 21:04:36','2024-12-17 21:18:50',2,4,12,2,NULL,NULL,NULL,1,NULL),(5380,'2024-01-01','2024-12-31',60,NULL,NULL,NULL,'2024-12-17 21:04:36','2024-12-17 21:18:50',2,4,12,2,NULL,NULL,NULL,2,NULL),(5381,'2024-01-01','2024-12-31',5,NULL,NULL,NULL,'2024-12-17 21:04:36','2024-12-17 21:18:50',2,4,13,NULL,NULL,NULL,NULL,1,NULL),(5382,'2024-01-01','2024-12-31',5,NULL,NULL,NULL,'2024-12-17 21:04:36','2024-12-17 21:18:50',2,4,13,NULL,NULL,NULL,NULL,2,NULL),(5383,'2024-01-01','2024-12-31',1,'68cm','150cm',NULL,'2024-12-17 21:04:36','2024-12-17 21:18:50',2,4,14,NULL,NULL,NULL,NULL,1,NULL),(5384,'2024-01-01','2024-12-29',1,'68cm','150cm',NULL,'2024-12-17 21:04:36','2024-12-17 21:18:50',2,4,14,NULL,NULL,NULL,NULL,2,NULL),(5385,'2024-01-01','2024-12-31',3,NULL,NULL,NULL,'2024-12-17 21:04:36','2024-12-17 21:18:50',2,4,16,2,NULL,NULL,NULL,1,NULL),(5386,'2024-01-01','2024-12-31',3,NULL,NULL,NULL,'2024-12-17 21:04:36','2024-12-17 21:18:50',2,4,16,2,NULL,NULL,NULL,2,NULL),(5387,'2024-01-01','2024-12-31',25,'10cm','50cm',NULL,'2024-12-17 21:04:36','2024-12-17 21:18:50',2,4,17,1,NULL,NULL,NULL,1,NULL),(5388,'2024-01-01','2024-12-30',25,'10cm','50cm',NULL,'2024-12-17 21:04:36','2024-12-17 21:18:50',2,4,17,1,NULL,NULL,NULL,2,NULL),(5389,'2024-01-01','2024-12-31',25,'10cm',NULL,NULL,'2024-12-17 21:04:36','2024-12-17 21:18:50',2,4,17,2,NULL,NULL,NULL,1,NULL),(5390,'2024-01-01','2024-12-31',25,'10cm',NULL,NULL,'2024-12-17 21:04:36','2024-12-17 21:18:50',2,4,17,2,NULL,NULL,NULL,2,NULL),(5391,'2024-01-01','2024-12-31',100,'10cm','50cm',NULL,'2024-12-17 21:04:36','2024-12-17 21:18:50',2,4,18,NULL,NULL,NULL,NULL,1,NULL),(5392,'2024-01-01','2024-12-30',100,'10cm','50cm',NULL,'2024-12-17 21:04:36','2024-12-17 21:18:50',2,4,18,NULL,NULL,NULL,NULL,2,NULL),(5756,'2024-04-15','2024-09-30',2,'35cm','63cm',NULL,'2024-12-17 21:18:49','2024-12-17 21:18:49',2,2,5,2,1,66,NULL,NULL,NULL),(5755,'2024-04-15','2024-09-30',2,'35cm','63cm',NULL,'2024-12-17 21:18:49','2024-12-17 21:18:49',2,2,5,2,2,65,NULL,NULL,NULL),(5754,'2024-05-01','2024-09-30',2,'35cm','63cm',NULL,'2024-12-17 21:18:49','2024-12-17 21:18:49',2,2,5,1,2,33,NULL,NULL,NULL),(5757,'2024-04-15','2024-09-30',2,'35cm','63cm',NULL,'2024-12-17 21:18:49','2024-12-17 21:18:49',2,2,5,2,2,67,NULL,NULL,NULL),(5758,'2024-04-15','2024-09-30',2,'35cm','63cm',NULL,'2024-12-17 21:18:49','2024-12-17 21:18:49',2,2,5,2,2,68,NULL,NULL,NULL),(5759,'2024-04-15','2024-09-30',2,'35cm','63cm',NULL,'2024-12-17 21:18:49','2024-12-17 21:18:49',2,2,5,2,1,71,NULL,NULL,NULL),(5760,'2024-09-16','2024-10-15',0,'30cm','60cm',NULL,'2024-12-17 21:18:49','2024-12-17 21:18:49',2,3,6,2,2,72,NULL,NULL,NULL),(5761,'2024-09-16','2024-10-15',0,'30cm','60cm',NULL,'2024-12-17 21:18:49','2024-12-17 21:18:49',2,3,6,2,2,73,NULL,NULL,NULL),(5762,'2024-09-16','2024-10-15',0,'30cm','60cm',NULL,'2024-12-17 21:18:49','2024-12-17 21:18:49',2,3,6,2,2,37,NULL,NULL,NULL),(5763,'2024-09-16','2024-10-15',0,'30cm','60cm',NULL,'2024-12-17 21:18:49','2024-12-17 21:18:49',2,3,6,2,2,74,NULL,NULL,NULL),(5764,'2024-09-16','2024-10-15',0,'30cm','60cm',NULL,'2024-12-17 21:18:49','2024-12-17 21:18:49',2,3,6,2,2,75,NULL,NULL,NULL),(5765,'2024-09-16','2024-10-15',0,'30cm','60cm',NULL,'2024-12-17 21:18:49','2024-12-17 21:18:49',2,3,6,2,2,42,NULL,NULL,NULL),(5766,'2024-09-16','2024-10-15',0,'30cm','60cm',NULL,'2024-12-17 21:18:49','2024-12-17 21:18:49',2,3,6,2,2,48,NULL,NULL,NULL),(5767,'2024-09-16','2024-10-15',0,'30cm','60cm',NULL,'2024-12-17 21:18:49','2024-12-17 21:18:49',2,3,6,2,2,57,NULL,NULL,NULL),(5768,'2024-09-16','2024-10-15',0,'30cm','60cm',NULL,'2024-12-17 21:18:49','2024-12-17 21:18:50',2,3,6,2,2,62,NULL,NULL,NULL),(5769,'2024-09-16','2024-10-15',0,'30cm','60cm',NULL,'2024-12-17 21:18:49','2024-12-17 21:18:50',2,3,6,2,2,64,NULL,NULL,NULL);
/*!40000 ALTER TABLE `fish_limits` ENABLE KEYS */;
UNLOCK TABLES;

--
-- Table structure for table `fishing_methods`
--

DROP TABLE IF EXISTS `fishing_methods`;
/*!40101 SET @saved_cs_client     = @@character_set_client */;
/*!50503 SET character_set_client = utf8mb4 */;
CREATE TABLE `fishing_methods` (
  `id` bigint unsigned NOT NULL AUTO_INCREMENT,
  `name` varchar(191) CHARACTER SET utf8mb4 COLLATE utf8mb4_unicode_ci NOT NULL,
  `created_at` timestamp NULL DEFAULT NULL,
  `updated_at` timestamp NULL DEFAULT NULL,
  PRIMARY KEY (`id`)
) ENGINE=MyISAM AUTO_INCREMENT=4 DEFAULT CHARSET=utf8mb4 COLLATE=utf8mb4_unicode_ci;
/*!40101 SET character_set_client = @saved_cs_client */;

--
-- Dumping data for table `fishing_methods`
--

LOCK TABLES `fishing_methods` WRITE;
/*!40000 ALTER TABLE `fishing_methods` DISABLE KEYS */;
INSERT INTO `fishing_methods` VALUES (1,'Dip Net','2024-12-16 18:36:00','2024-12-16 18:36:00'),(2,'Angling','2024-12-16 18:36:00','2024-12-16 18:36:00'),(3,'May only be angled by artificial fly or baited barbless hook with a single point','2024-12-16 18:36:00','2024-12-16 18:36:00');
/*!40000 ALTER TABLE `fishing_methods` ENABLE KEYS */;
UNLOCK TABLES;

--
-- Table structure for table `job_batches`
--

DROP TABLE IF EXISTS `job_batches`;
/*!40101 SET @saved_cs_client     = @@character_set_client */;
/*!50503 SET character_set_client = utf8mb4 */;
CREATE TABLE `job_batches` (
  `id` varchar(191) CHARACTER SET utf8mb4 COLLATE utf8mb4_unicode_ci NOT NULL,
  `name` varchar(191) CHARACTER SET utf8mb4 COLLATE utf8mb4_unicode_ci NOT NULL,
  `total_jobs` int NOT NULL,
  `pending_jobs` int NOT NULL,
  `failed_jobs` int NOT NULL,
  `failed_job_ids` longtext CHARACTER SET utf8mb4 COLLATE utf8mb4_unicode_ci NOT NULL,
  `options` mediumtext CHARACTER SET utf8mb4 COLLATE utf8mb4_unicode_ci,
  `cancelled_at` int DEFAULT NULL,
  `created_at` int NOT NULL,
  `finished_at` int DEFAULT NULL,
  PRIMARY KEY (`id`)
) ENGINE=MyISAM DEFAULT CHARSET=utf8mb4 COLLATE=utf8mb4_unicode_ci;
/*!40101 SET character_set_client = @saved_cs_client */;

--
-- Dumping data for table `job_batches`
--

LOCK TABLES `job_batches` WRITE;
/*!40000 ALTER TABLE `job_batches` DISABLE KEYS */;
/*!40000 ALTER TABLE `job_batches` ENABLE KEYS */;
UNLOCK TABLES;

--
-- Table structure for table `jobs`
--

DROP TABLE IF EXISTS `jobs`;
/*!40101 SET @saved_cs_client     = @@character_set_client */;
/*!50503 SET character_set_client = utf8mb4 */;
CREATE TABLE `jobs` (
  `id` bigint unsigned NOT NULL AUTO_INCREMENT,
  `queue` varchar(191) CHARACTER SET utf8mb4 COLLATE utf8mb4_unicode_ci NOT NULL,
  `payload` longtext CHARACTER SET utf8mb4 COLLATE utf8mb4_unicode_ci NOT NULL,
  `attempts` tinyint unsigned NOT NULL,
  `reserved_at` int unsigned DEFAULT NULL,
  `available_at` int unsigned NOT NULL,
  `created_at` int unsigned NOT NULL,
  PRIMARY KEY (`id`),
  KEY `jobs_queue_index` (`queue`)
) ENGINE=MyISAM DEFAULT CHARSET=utf8mb4 COLLATE=utf8mb4_unicode_ci;
/*!40101 SET character_set_client = @saved_cs_client */;

--
-- Dumping data for table `jobs`
--

LOCK TABLES `jobs` WRITE;
/*!40000 ALTER TABLE `jobs` DISABLE KEYS */;
/*!40000 ALTER TABLE `jobs` ENABLE KEYS */;
UNLOCK TABLES;

--
-- Table structure for table `locations`
--

DROP TABLE IF EXISTS `locations`;
/*!40101 SET @saved_cs_client     = @@character_set_client */;
/*!50503 SET character_set_client = utf8mb4 */;
CREATE TABLE `locations` (
  `id` bigint unsigned NOT NULL AUTO_INCREMENT,
  `name` varchar(191) CHARACTER SET utf8mb4 COLLATE utf8mb4_unicode_ci NOT NULL,
  `description` longtext CHARACTER SET utf8mb4 COLLATE utf8mb4_unicode_ci,
  `created_at` timestamp NULL DEFAULT NULL,
  `updated_at` timestamp NULL DEFAULT NULL,
  PRIMARY KEY (`id`)
) ENGINE=MyISAM AUTO_INCREMENT=9 DEFAULT CHARSET=utf8mb4 COLLATE=utf8mb4_unicode_ci;
/*!40101 SET character_set_client = @saved_cs_client */;

--
-- Dumping data for table `locations`
--

LOCK TABLES `locations` WRITE;
/*!40000 ALTER TABLE `locations` DISABLE KEYS */;
INSERT INTO `locations` VALUES (1,'Upper Saint John','Saint John River upstream from the Covered Bridge at Hartland','2024-10-23 03:01:21','2024-10-23 03:01:21'),(2,'Southwest','Bay of Fundy westward from the Saint John Harbor Bridge to the International Border','2024-11-07 09:46:11','2024-11-07 09:46:11'),(3,'Restigouche','Restigouche River and tributaries upstream of the J.C. Van Horne Bridge at Campbellton','2024-11-07 09:46:11','2024-11-07 09:46:11'),(4,'Chaleur','Bay of Chaleur seaward of the J.C. Van Horne bridge at Campbellton, and the Gulf of St. Lawrence north of the Tabusintac Bay','2024-11-07 09:46:11','2024-11-07 09:46:11'),(5,'Miramichi','Tabusintac Bay and all waters draining into the Miramichi Bay north of Point Escuminac','2024-11-07 09:46:11','2024-11-07 09:46:11'),(6,'Southeast','Gulf of St. Lawrence and Northumberland Strait south of Point Escuminac to the New Brunswick / Nova Scotia Border','2024-11-07 09:46:11','2024-11-07 09:46:11'),(7,'Inner Bay of Fundy','Bay of Fundy eastward of the Saint John Harbor Bridge to the Provincial border between New Brunswick and Nova Scotia','2024-11-07 09:46:11','2024-11-07 09:46:11'),(8,'Lower Saint John','Saint John River and tributaries downstream from the Covered Bridge at Hartland to the Saint John Harbor Bridge','2024-11-07 09:46:11','2024-11-07 09:46:11');
/*!40000 ALTER TABLE `locations` ENABLE KEYS */;
UNLOCK TABLES;

--
-- Table structure for table `migrations`
--

DROP TABLE IF EXISTS `migrations`;
/*!40101 SET @saved_cs_client     = @@character_set_client */;
/*!50503 SET character_set_client = utf8mb4 */;
CREATE TABLE `migrations` (
  `id` int unsigned NOT NULL AUTO_INCREMENT,
  `migration` varchar(191) CHARACTER SET utf8mb4 COLLATE utf8mb4_unicode_ci NOT NULL,
  `batch` int NOT NULL,
  PRIMARY KEY (`id`)
) ENGINE=MyISAM AUTO_INCREMENT=13 DEFAULT CHARSET=utf8mb4 COLLATE=utf8mb4_unicode_ci;
/*!40101 SET character_set_client = @saved_cs_client */;

--
-- Dumping data for table `migrations`
--

LOCK TABLES `migrations` WRITE;
/*!40000 ALTER TABLE `migrations` DISABLE KEYS */;
INSERT INTO `migrations` VALUES (1,'0001_01_01_000000_create_users_table',1),(2,'0001_01_01_000001_create_cache_table',1),(3,'0001_01_01_000002_create_jobs_table',1),(4,'2024_10_22_155259_create_locations_table',1),(5,'2024_10_22_155354_create_fish_categories_table',1),(6,'2024_10_22_155406_create_fish_table',1),(7,'2024_10_22_155434_create_boundaries_table',1),(8,'2024_10_22_155449_create_waters_categories_table',1),(9,'2024_10_22_155500_create_waters_table',1),(10,'2024_10_22_180507_create_fish_limits_table',1),(11,'2024_11_17_181310_create_tidal_categories_table',1),(12,'2024_11_17_190234_create_fishing_methods_table',1);
/*!40000 ALTER TABLE `migrations` ENABLE KEYS */;
UNLOCK TABLES;

--
-- Table structure for table `password_reset_tokens`
--

DROP TABLE IF EXISTS `password_reset_tokens`;
/*!40101 SET @saved_cs_client     = @@character_set_client */;
/*!50503 SET character_set_client = utf8mb4 */;
CREATE TABLE `password_reset_tokens` (
  `email` varchar(191) CHARACTER SET utf8mb4 COLLATE utf8mb4_unicode_ci NOT NULL,
  `token` varchar(191) CHARACTER SET utf8mb4 COLLATE utf8mb4_unicode_ci NOT NULL,
  `created_at` timestamp NULL DEFAULT NULL,
  PRIMARY KEY (`email`)
) ENGINE=MyISAM DEFAULT CHARSET=utf8mb4 COLLATE=utf8mb4_unicode_ci;
/*!40101 SET character_set_client = @saved_cs_client */;

--
-- Dumping data for table `password_reset_tokens`
--

LOCK TABLES `password_reset_tokens` WRITE;
/*!40000 ALTER TABLE `password_reset_tokens` DISABLE KEYS */;
/*!40000 ALTER TABLE `password_reset_tokens` ENABLE KEYS */;
UNLOCK TABLES;

--
-- Table structure for table `sessions`
--

DROP TABLE IF EXISTS `sessions`;
/*!40101 SET @saved_cs_client     = @@character_set_client */;
/*!50503 SET character_set_client = utf8mb4 */;
CREATE TABLE `sessions` (
  `id` varchar(191) CHARACTER SET utf8mb4 COLLATE utf8mb4_unicode_ci NOT NULL,
  `user_id` bigint unsigned DEFAULT NULL,
  `ip_address` varchar(45) CHARACTER SET utf8mb4 COLLATE utf8mb4_unicode_ci DEFAULT NULL,
  `user_agent` text CHARACTER SET utf8mb4 COLLATE utf8mb4_unicode_ci,
  `payload` longtext CHARACTER SET utf8mb4 COLLATE utf8mb4_unicode_ci NOT NULL,
  `last_activity` int NOT NULL,
  PRIMARY KEY (`id`),
  KEY `sessions_user_id_index` (`user_id`),
  KEY `sessions_last_activity_index` (`last_activity`)
) ENGINE=MyISAM DEFAULT CHARSET=utf8mb4 COLLATE=utf8mb4_unicode_ci;
/*!40101 SET character_set_client = @saved_cs_client */;

--
-- Dumping data for table `sessions`
--

LOCK TABLES `sessions` WRITE;
/*!40000 ALTER TABLE `sessions` DISABLE KEYS */;
INSERT INTO `sessions` VALUES ('Z3QF57qrXGhSWMI91F71YVcer5OQEo5TUjI7TpFC',NULL,'127.0.0.1','Mozilla/5.0 (Windows NT 10.0; Win64; x64; rv:133.0) Gecko/20100101 Firefox/133.0','YTozOntzOjY6Il90b2tlbiI7czo0MDoia1hnc0V3UXk3Y3B3OTdjUVQ5S1o4UlVlNFZlZ3gxTzVBY21ybWxVVSI7czo5OiJfcHJldmlvdXMiO2E6MTp7czozOiJ1cmwiO3M6MjU6Imh0dHA6Ly8xMjcuMC4wLjE6ODAwMC9wZGYiO31zOjY6Il9mbGFzaCI7YToyOntzOjM6Im9sZCI7YTowOnt9czozOiJuZXciO2E6MDp7fX19',1734359826),('QutMFCrOY2rrL3ko1BusoSVhzYjNmZRqcN0TSzY6',NULL,'127.0.0.1','Mozilla/5.0 (Windows NT 10.0; Win64; x64; rv:133.0) Gecko/20100101 Firefox/133.0','YTozOntzOjY6Il90b2tlbiI7czo0MDoiUXZCbGZEdHNuME42YWJsOUhWREZjSG5yWTlqYXdNR1lpSVFLcVVraiI7czo5OiJfcHJldmlvdXMiO2E6MTp7czozOiJ1cmwiO3M6MjU6Imh0dHA6Ly8xMjcuMC4wLjE6ODAwMC9wZGYiO31zOjY6Il9mbGFzaCI7YToyOntzOjM6Im9sZCI7YTowOnt9czozOiJuZXciO2E6MDp7fX19',1734449022),('92tGsU0RaCglbxVaXsVOmpdHzOrcxWaXkLDgEt5R',NULL,'127.0.0.1','Mozilla/5.0 (Windows NT 10.0; Win64; x64; rv:133.0) Gecko/20100101 Firefox/133.0','YTozOntzOjY6Il90b2tlbiI7czo0MDoiTDA5cDRDdkdlYTF1cGVoQmlxZnc1dFRhRHk0UHNwb1NJSHkxZ0V3UyI7czo5OiJfcHJldmlvdXMiO2E6MTp7czozOiJ1cmwiO3M6MjU6Imh0dHA6Ly8xMjcuMC4wLjE6ODAwMC9wZGYiO31zOjY6Il9mbGFzaCI7YToyOntzOjM6Im9sZCI7YTowOnt9czozOiJuZXciO2E6MDp7fX19',1734454440),('VxNjDJzdPjJkUhrAWRn6eAO1ovOZol2HqjtHx5DO',NULL,'127.0.0.1','Mozilla/5.0 (Windows NT 10.0; Win64; x64; rv:133.0) Gecko/20100101 Firefox/133.0','YTozOntzOjY6Il90b2tlbiI7czo0MDoiR2s0WTlMQXRhclNOTGpHSVEwakdMbENzNTV0dkhGaUowYm84V2Q3WSI7czo5OiJfcHJldmlvdXMiO2E6MTp7czozOiJ1cmwiO3M6MjU6Imh0dHA6Ly8xMjcuMC4wLjE6ODAwMC9wZGYiO31zOjY6Il9mbGFzaCI7YToyOntzOjM6Im9sZCI7YTowOnt9czozOiJuZXciO2E6MDp7fX19',1734455076),('RhkW6CVAd1SMejDiknxC8VRSd2gLdj9xHzCpOPgV',NULL,'127.0.0.1','Mozilla/5.0 (Windows NT 10.0; Win64; x64; rv:133.0) Gecko/20100101 Firefox/133.0','YTozOntzOjY6Il90b2tlbiI7czo0MDoiaVZ5T1huV1RzWkFuUW9BMFFvbnp3Q1FjOTZSbjIzbnhPQ0VuVzZyaCI7czo5OiJfcHJldmlvdXMiO2E6MTp7czozOiJ1cmwiO3M6MjU6Imh0dHA6Ly8xMjcuMC4wLjE6ODAwMC9wZGYiO31zOjY6Il9mbGFzaCI7YToyOntzOjM6Im9sZCI7YTowOnt9czozOiJuZXciO2E6MDp7fX19',1734455930);
/*!40000 ALTER TABLE `sessions` ENABLE KEYS */;
UNLOCK TABLES;

--
-- Table structure for table `tidal_categories`
--

DROP TABLE IF EXISTS `tidal_categories`;
/*!40101 SET @saved_cs_client     = @@character_set_client */;
/*!50503 SET character_set_client = utf8mb4 */;
CREATE TABLE `tidal_categories` (
  `id` bigint unsigned NOT NULL AUTO_INCREMENT,
  `name` varchar(191) CHARACTER SET utf8mb4 COLLATE utf8mb4_unicode_ci NOT NULL,
  `created_at` timestamp NULL DEFAULT NULL,
  `updated_at` timestamp NULL DEFAULT NULL,
  PRIMARY KEY (`id`)
) ENGINE=MyISAM AUTO_INCREMENT=3 DEFAULT CHARSET=utf8mb4 COLLATE=utf8mb4_unicode_ci;
/*!40101 SET character_set_client = @saved_cs_client */;

--
-- Dumping data for table `tidal_categories`
--

LOCK TABLES `tidal_categories` WRITE;
/*!40000 ALTER TABLE `tidal_categories` DISABLE KEYS */;
INSERT INTO `tidal_categories` VALUES (1,'Non-Tidal','2024-12-16 18:35:53','2024-12-16 18:35:53'),(2,'Tidal','2024-12-16 18:35:53','2024-12-16 18:35:53');
/*!40000 ALTER TABLE `tidal_categories` ENABLE KEYS */;
UNLOCK TABLES;

--
-- Table structure for table `users`
--

DROP TABLE IF EXISTS `users`;
/*!40101 SET @saved_cs_client     = @@character_set_client */;
/*!50503 SET character_set_client = utf8mb4 */;
CREATE TABLE `users` (
  `id` bigint unsigned NOT NULL AUTO_INCREMENT,
  `name` varchar(191) CHARACTER SET utf8mb4 COLLATE utf8mb4_unicode_ci NOT NULL,
  `email` varchar(191) CHARACTER SET utf8mb4 COLLATE utf8mb4_unicode_ci NOT NULL,
  `email_verified_at` timestamp NULL DEFAULT NULL,
  `password` varchar(191) CHARACTER SET utf8mb4 COLLATE utf8mb4_unicode_ci NOT NULL,
  `remember_token` varchar(100) CHARACTER SET utf8mb4 COLLATE utf8mb4_unicode_ci DEFAULT NULL,
  `created_at` timestamp NULL DEFAULT NULL,
  `updated_at` timestamp NULL DEFAULT NULL,
  PRIMARY KEY (`id`),
  UNIQUE KEY `users_email_unique` (`email`)
) ENGINE=MyISAM AUTO_INCREMENT=2 DEFAULT CHARSET=utf8mb4 COLLATE=utf8mb4_unicode_ci;
/*!40101 SET character_set_client = @saved_cs_client */;

--
-- Dumping data for table `users`
--

LOCK TABLES `users` WRITE;
/*!40000 ALTER TABLE `users` DISABLE KEYS */;
INSERT INTO `users` VALUES (1,'Matthew MacPherson','matthewallanmacpherson@gmail.com',NULL,'$2y$12$yQ92xBS/RRFl/ZyVO/Jniepr4YsfmFHF3ez5h.CiBZbnuN.7JhZ3e',NULL,'2024-12-13 10:12:21','2024-12-13 10:12:21');
/*!40000 ALTER TABLE `users` ENABLE KEYS */;
UNLOCK TABLES;

--
-- Table structure for table `waters`
--

DROP TABLE IF EXISTS `waters`;
/*!40101 SET @saved_cs_client     = @@character_set_client */;
/*!50503 SET character_set_client = utf8mb4 */;
CREATE TABLE `waters` (
  `id` bigint unsigned NOT NULL AUTO_INCREMENT,
  `name` varchar(191) CHARACTER SET utf8mb4 COLLATE utf8mb4_unicode_ci NOT NULL,
  `created_at` timestamp NULL DEFAULT NULL,
  `updated_at` timestamp NULL DEFAULT NULL,
  PRIMARY KEY (`id`)
) ENGINE=MyISAM AUTO_INCREMENT=85 DEFAULT CHARSET=utf8mb4 COLLATE=utf8mb4_unicode_ci;
/*!40101 SET character_set_client = @saved_cs_client */;

--
-- Dumping data for table `waters`
--

LOCK TABLES `waters` WRITE;
/*!40000 ALTER TABLE `waters` DISABLE KEYS */;
INSERT INTO `waters` VALUES (1,'Newcastle Creek','2024-12-17 21:18:48','2024-12-17 21:18:48'),(2,'Grand Lake','2024-12-17 21:18:48','2024-12-17 21:18:48'),(3,'Oromocto Lake','2024-12-17 21:18:48','2024-12-17 21:18:48'),(4,'Second Eel Lake','2024-12-17 21:18:48','2024-12-17 21:18:48'),(5,'Yoho Lake','2024-12-17 21:18:48','2024-12-17 21:18:48'),(6,'Hammond River','2024-12-17 21:18:48','2024-12-17 21:18:48'),(7,'Kennebecasis River','2024-12-17 21:18:48','2024-12-17 21:18:48'),(8,'Keswick River','2024-12-17 21:18:48','2024-12-17 21:18:48'),(9,'Nashwaak River','2024-12-17 21:18:48','2024-12-17 21:18:48'),(10,'Brown Lake','2024-12-17 21:18:48','2024-12-17 21:18:48'),(11,'Cassidy Lake','2024-12-17 21:18:48','2024-12-17 21:18:48'),(12,'Darlings Lake','2024-12-17 21:18:48','2024-12-17 21:18:48'),(13,'Davidson Lake','2024-12-17 21:18:48','2024-12-17 21:18:48'),(14,'First Eel Lake','2024-12-17 21:18:48','2024-12-17 21:18:48'),(15,'Lake George','2024-12-17 21:18:48','2024-12-17 21:18:48'),(16,'Ludgate Lake','2024-12-17 21:18:48','2024-12-17 21:18:48'),(17,'Waltons Lake','2024-12-17 21:18:48','2024-12-17 21:18:48'),(18,'Eel River','2024-12-17 21:18:48','2024-12-17 21:18:48'),(19,'Meduxnekeag River','2024-12-17 21:18:48','2024-12-17 21:18:48'),(20,'Nackawic Stream','2024-12-17 21:18:48','2024-12-17 21:18:48'),(21,'Nashwaaksis Stream','2024-12-17 21:18:48','2024-12-17 21:18:48'),(22,'Nerepis River','2024-12-17 21:18:48','2024-12-17 21:18:48'),(23,'Oromocto River','2024-12-17 21:18:48','2024-12-17 21:18:48'),(24,'Pokiok Stream','2024-12-17 21:18:48','2024-12-17 21:18:48'),(25,'Saint John River','2024-12-17 21:18:48','2024-12-17 21:18:48'),(26,'Shogomoc Stream','2024-12-17 21:18:48','2024-12-17 21:18:48'),(27,'Mactaquac Lake','2024-12-17 21:18:49','2024-12-17 21:18:49'),(28,'Lake Anthony Brook','2024-12-17 21:18:49','2024-12-17 21:18:49'),(29,'Palfrey Stream','2024-12-17 21:18:49','2024-12-17 21:18:49'),(30,'Lake Anthony','2024-12-17 21:18:49','2024-12-17 21:18:49'),(31,'Big Indian Lake','2024-12-17 21:18:49','2024-12-17 21:18:49'),(32,'Chamcook Lake','2024-12-17 21:18:49','2024-12-17 21:18:49'),(33,'Clear Lake','2024-12-17 21:18:49','2024-12-17 21:18:49'),(34,'Cranberry Lake','2024-12-17 21:18:49','2024-12-17 21:18:49'),(35,'Crystal Lake','2024-12-17 21:18:49','2024-12-17 21:18:49'),(36,'Deer Lake','2024-12-17 21:18:49','2024-12-17 21:18:49'),(37,'Digdeguash Lake','2024-12-17 21:18:49','2024-12-17 21:18:49'),(38,'Eagle Lake','2024-12-17 21:18:49','2024-12-17 21:18:49'),(39,'East Branch Reservoir','2024-12-17 21:18:49','2024-12-17 21:18:49'),(40,'East Long Lake','2024-12-17 21:18:49','2024-12-17 21:18:49'),(41,'Gibson Lake','2024-12-17 21:18:49','2024-12-17 21:18:49'),(42,'Harvey Lake','2024-12-17 21:18:49','2024-12-17 21:18:49'),(43,'La Coote Lake','2024-12-17 21:18:49','2024-12-17 21:18:49'),(44,'Little Chamcook Lake','2024-12-17 21:18:49','2024-12-17 21:18:49'),(45,'Little John Lake','2024-12-17 21:18:49','2024-12-17 21:18:49'),(46,'Little Magaguadavic  Lake','2024-12-17 21:18:49','2024-12-17 21:18:49'),(47,'Loch Alva Reservoir','2024-12-17 21:18:49','2024-12-17 21:18:49'),(48,'Magaguadavic Lake','2024-12-17 21:18:49','2024-12-17 21:18:49'),(49,'Moose Lake   (Musquash  drainage)','2024-12-17 21:18:49','2024-12-17 21:18:49'),(50,'Ogden Lake','2024-12-17 21:18:49','2024-12-17 21:18:49'),(51,'Queens Lake','2024-12-17 21:18:49','2024-12-17 21:18:49'),(52,'Robin Hood Lake','2024-12-17 21:18:49','2024-12-17 21:18:49'),(53,'Rocky Lake   (Lepreau drainage)','2024-12-17 21:18:49','2024-12-17 21:18:49'),(54,'Round Lake','2024-12-17 21:18:49','2024-12-17 21:18:49'),(55,'Shadow Lake','2024-12-17 21:18:49','2024-12-17 21:18:49'),(56,'Sherwood Lake','2024-12-17 21:18:49','2024-12-17 21:18:49'),(57,'Skiff Lake','2024-12-17 21:18:49','2024-12-17 21:18:49'),(58,'Sparks Lake','2024-12-17 21:18:49','2024-12-17 21:18:49'),(59,'Spectacle Lake','2024-12-17 21:18:49','2024-12-17 21:18:49'),(60,'St. Patricks Lake','2024-12-17 21:18:49','2024-12-17 21:18:49'),(61,'Trout Lake','2024-12-17 21:18:49','2024-12-17 21:18:49'),(62,'Lake Utopia','2024-12-17 21:18:49','2024-12-17 21:18:49'),(63,'West Long Lake','2024-12-17 21:18:49','2024-12-17 21:18:49'),(64,'Wheaton Lake','2024-12-17 21:18:49','2024-12-17 21:18:49'),(65,'East Grand Lake','2024-12-17 21:18:49','2024-12-17 21:18:49'),(66,'Grand Falls Flowage','2024-12-17 21:18:49','2024-12-17 21:18:49'),(67,'North Lake','2024-12-17 21:18:49','2024-12-17 21:18:49'),(68,'Palfrey Lake','2024-12-17 21:18:49','2024-12-17 21:18:49'),(69,'Spednic Lake','2024-12-17 21:18:49','2024-12-17 21:18:49'),(70,'St. Croix River','2024-12-17 21:18:49','2024-12-17 21:18:49'),(71,'Woodland Flowage','2024-12-17 21:18:49','2024-12-17 21:18:49'),(72,'Bolton Lake','2024-12-17 21:18:49','2024-12-17 21:18:49'),(73,'Craig Lake','2024-12-17 21:18:49','2024-12-17 21:18:49'),(74,'East Branch  Reservoir','2024-12-17 21:18:49','2024-12-17 21:18:49'),(75,'East Brook Lake','2024-12-17 21:18:49','2024-12-17 21:18:49'),(76,'First Lake','2024-12-17 21:18:49','2024-12-17 21:18:49'),(77,'Foster Lake','2024-12-17 21:18:49','2024-12-17 21:18:49'),(78,'McDougall Lake','2024-12-17 21:18:49','2024-12-17 21:18:49'),(79,'Mill Lake','2024-12-17 21:18:49','2024-12-17 21:18:49'),(80,'Modsley Lake','2024-12-17 21:18:49','2024-12-17 21:18:49'),(81,'Moores Mills  Lake','2024-12-17 21:18:49','2024-12-17 21:18:49'),(82,'Potters Lake','2024-12-17 21:18:49','2024-12-17 21:18:49'),(83,'Second Harvey  Lake','2024-12-17 21:18:49','2024-12-17 21:18:49'),(84,'Wauklahegan  Lake','2024-12-17 21:18:49','2024-12-17 21:18:49');
/*!40000 ALTER TABLE `waters` ENABLE KEYS */;
UNLOCK TABLES;

--
-- Table structure for table `waters_categories`
--

DROP TABLE IF EXISTS `waters_categories`;
/*!40101 SET @saved_cs_client     = @@character_set_client */;
/*!50503 SET character_set_client = utf8mb4 */;
CREATE TABLE `waters_categories` (
  `id` bigint unsigned NOT NULL AUTO_INCREMENT,
  `name` varchar(191) CHARACTER SET utf8mb4 COLLATE utf8mb4_unicode_ci NOT NULL,
  `created_at` timestamp NULL DEFAULT NULL,
  `updated_at` timestamp NULL DEFAULT NULL,
  PRIMARY KEY (`id`)
) ENGINE=MyISAM AUTO_INCREMENT=3 DEFAULT CHARSET=utf8mb4 COLLATE=utf8mb4_unicode_ci;
/*!40101 SET character_set_client = @saved_cs_client */;

--
-- Dumping data for table `waters_categories`
--

LOCK TABLES `waters_categories` WRITE;
/*!40000 ALTER TABLE `waters_categories` DISABLE KEYS */;
INSERT INTO `waters_categories` VALUES (1,'Rivers, brooks and streams','2024-12-16 18:35:53','2024-12-16 18:35:53'),(2,'Lakes, ponds and reservoirs','2024-12-16 18:35:53','2024-12-16 18:35:53');
/*!40000 ALTER TABLE `waters_categories` ENABLE KEYS */;
UNLOCK TABLES;
/*!40103 SET TIME_ZONE=@OLD_TIME_ZONE */;

/*!40101 SET SQL_MODE=@OLD_SQL_MODE */;
/*!40014 SET FOREIGN_KEY_CHECKS=@OLD_FOREIGN_KEY_CHECKS */;
/*!40014 SET UNIQUE_CHECKS=@OLD_UNIQUE_CHECKS */;
/*!40101 SET CHARACTER_SET_CLIENT=@OLD_CHARACTER_SET_CLIENT */;
/*!40101 SET CHARACTER_SET_RESULTS=@OLD_CHARACTER_SET_RESULTS */;
/*!40101 SET COLLATION_CONNECTION=@OLD_COLLATION_CONNECTION */;
/*!40111 SET SQL_NOTES=@OLD_SQL_NOTES */;

-- Dump completed on 2024-12-18 22:52:37
